Level 1: Main Categories,Level 2: Sub-Categories,Level: 3 Domain Focus,Level 4: Functional Area,Level 5: Technology Specialization,Level 6: Specific Application,Level 7: Condition Focus,Level 8: Specific Condition,Level 9: Methodology Approach,Level 10: Technical Implementation
AI Automation & Workflow Tools,Robotic Process Automation (RPA),Finance,Accounts Payable,Natural Language Processing,Invoice Processing Automation,Error Reduction,Duplicate Invoice Detection,Rule-based Filtering,Python Script with NLP Libraries
AI Automation & Workflow Tools,Task Automation Tools,Finance,Accounts Payable,Robotic Process Automation,Invoice Processing,High Volume Transactions,End-of-Month Peaks,Rule-based Automation,Python Script with OCR Integration
AI Development Tools & Frameworks,AI Model Optimization Tools,Manufacturing,Quality Control,Machine Vision,Defect Detection,Surface Anomalies,Scratch Detection,Anomaly Detection Techniques,Convolutional Neural Networks
AI Development Tools & Frameworks,APIs & SDKs for AI Development,Finance,Fraud Detection,Machine Learning,Credit Card Fraud Detection,Real-time Transaction Monitoring,Suspicious Activity Identification,Anomaly Detection,Random Forest Algorithm Implementation
AI Development Tools & Frameworks,Cloud AI Services,Finance,Fraud Detection,Machine Learning Models,Transaction Monitoring,Transactional Anomalies,Credit Card Fraud,Anomaly Detection,Real-time Transaction Analysis using Neural Networks
AI Development Tools & Frameworks,MLOps Platforms,Finance,Fraud Detection,Machine Learning,Transaction Monitoring,Anomalous Activity,Credit Card Fraud,Anomaly Detection,Autoencoder-based Anomaly Detection
AI Development Tools & Frameworks,Model Training Frameworks,Finance,Risk Management,Predictive Analytics,Fraud Detection,Transaction Monitoring,Credit Card Fraud,Anomaly Detection,Machine Learning-based Anomaly Detection
AI for Analytics,Predictive Supply Chain Analytics,Retail,Inventory Management,Machine Learning,Demand Forecasting,Seasonal Demand Fluctuations,Holiday Season Spike,Time Series Analysis,ARIMA Model Implementation
AI for Analytics,Statistical Analysis Tools,Finance,Risk Management,Predictive Analytics,Credit Risk Assessment,Loan Default Prediction,Small Business Loan Default,Probabilistic Modeling,Bayesian Network Implementation
AI for Audio & Speech Technologies,Audio Analysis & Editing Tools,Music Industry,Audio Production,Neural Networks,Audio Enhancement,Low-Quality Recordings,Live Concert Recordings,Noise Reduction,Autoencoder-based Noise Filtering
AI for Audio & Speech Technologies,Real-Time Language Translation AI,Travel & Hospitality,Customer Service,Neural Machine Translation,Multilingual Customer Support,Language Barriers,Non-English Speaking Customers,Contextual Translation,Transformer-based Real-Time Language Processing
AI for Audio & Speech Technologies,Voice Assistants,Consumer Electronics,Customer Support,Natural Language Processing,Smart Home Voice Control,User Interaction,Hands-Free Operation,Conversational AI,Speech Recognition and Synthesis
AI for Computer Vision,Image Recognition,Retail,Inventory Management,Convolutional Neural Networks,Shelf Stock Monitoring,Stock Out Detection,Empty Shelf Identification,Pattern Recognition,Real-time Image Processing with CNN
AI for Computer Vision,Object Detection & Tracking,Retail,Inventory Management,Convolutional Neural Networks,Automated Inventory Counting,Stock Management,Shelf Stocking Accuracy,Real-time Image Analysis,Edge Computing with Embedded Cameras
AI for Computer Vision,Video Analysis,Retail,Security,Object Detection,Shoplifting Detection,Theft Prevention,Shoplifting in Retail Stores,Real-time Monitoring,Convolutional Neural Networks (CNNs) for Real-time Analysis
AI for Creative Media,AI-Powered Creative Tools,Digital Art,Graphic Design,Generative Adversarial Networks (GANs),Artwork Generation,Custom Art Styles,Anime Style Transformation,Style Transfer Techniques,CycleGAN Implementation
AI for Creative Media,Video Editing AI Tools,Media and Entertainment,Post-Production,Machine Learning Algorithms,Automated Video Editing,Time-Sensitive Editing,Live Event Highlight Creation,Real-Time Processing,Edge Computing with Video Analysis
AI for Data Science & Analytics,Big Data AI Platforms,Finance,Risk Management,Machine Learning Models,Fraud Detection,Transaction Monitoring,Credit Card Fraud,Anomaly Detection,Time Series Analysis with LSTM
AI for Data Science & Analytics,Business Intelligence (BI) Platforms,Retail,Sales Analytics,Natural Language Processing,Customer Feedback Analysis,Customer Sentiment Analysis,Positive/Negative Sentiment Classification,Sentiment Analysis Algorithm,Transformer-based Sentiment Model
AI for Data Science & Analytics,Data Cleaning & Preparation,Finance,Risk Management,Machine Learning,Fraud Detection,Transaction Anomalies,Credit Card Fraud,Supervised Learning,Random Forest Classification
AI for Data Science & Analytics,Data Visualization Tools,Finance,Risk Management,Machine Learning,Fraud Detection,Transaction Monitoring,Credit Card Fraud,Anomaly Detection,Supervised Learning with Random Forest
AI for Data Science & Analytics,Statistical Analysis Tools,Finance,Risk Management,Predictive Modeling,Credit Risk Assessment,Financial Risk,Loan Default Prediction,Regression Analysis,Linear Regression with Regularization
AI for Design & UX,UX/UI Design Assistance,E-commerce,Product Design,Generative Adversarial Networks,Automated UI Design Generation,User Engagement Optimization,Increased User Interaction,User-Centered Design Methodology,GAN-based UI Component Generation
AI for E-Commerce,Customer Service Chatbots,Retail,Customer Support,Natural Language Processing,Automated Customer Inquiry Response,High Volume Customer Inquiries,Holiday Shopping Season Queries,Conversational AI,Transformer-based Chatbot Implementation
AI for E-Commerce,Fraud Detection & Prevention,E-Commerce,Payment Processing,Machine Learning,Anomaly Detection for Transactions,Suspicious Activity,Unusual Purchase Patterns,Supervised Learning with Historical Data,Neural Network-based Classification
AI for E-Commerce,Inventory Management AI,Retail,Supply Chain Management,Machine Learning,Demand Forecasting,Seasonal Demand Fluctuations,Holiday Season Inventory Management,Predictive Analytics,Time Series Forecasting with LSTM Networks
AI for E-Commerce,Pricing Optimization Tools,Retail,Sales Department,Machine Learning Algorithms,Dynamic Pricing Strategy,Market Competition,High Demand Seasons,Predictive Analytics,Time Series Forecasting with LSTM
AI for E-Commerce,Product Recommendation Engines,Retail,Sales and Marketing,Collaborative Filtering,Personalized Product Suggestions,Increasing Conversion Rates,First-time Visitor Conversion,User Behavior Analysis,Matrix Factorization with SVD
AI for Environmental & Sustainability Applications,Agricultural AI (Precision Farming),Agriculture,Crop Management,Machine Learning,Yield Prediction,Weather Variability,Drought Conditions,Predictive Modeling,Random Forest Algorithm
AI for Environmental & Sustainability Applications,Climate Modeling Tools,Environmental Science,Research & Development,Machine Learning,Predictive Climate Modeling,Extreme Weather Events,Hurricane Prediction,Predictive Analytics,Neural Network-based Simulation
AI for Environmental & Sustainability Applications,Energy Efficiency Optimization,Renewable Energy,Smart Grid Management,Machine Learning Optimization,Load Forecasting,Peak Demand Management,Seasonal Load Variability,Predictive Modeling,Time Series Analysis with LSTM Networks
AI for Environmental & Sustainability Applications,Wildlife Monitoring AI,Ecology & Conservation,Wildlife Research,Computer Vision,Animal Population Estimation,Biodiversity Monitoring,Endangered Species Tracking,Image Recognition & Classification,Drone-based Image Capture and Analysis
"AI for Ethics, Fairness & Bias Mitigation",Fairness Auditing Platforms,Finance,Credit Risk Assessment,Machine Learning,Bias Detection in Credit Scoring,Discrimination in Loan Approvals,Racial Bias in Credit Scoring,Fairness Constraint Integration,Algorithmic Re-weighting of Features
"AI for Ethics, Fairness & Bias Mitigation",Interpretability Tools,Finance,Regulatory Compliance,Explainable AI,Credit Scoring,Bias Detection,Gender Bias in Lending,Counterfactual Explanation,LIME (Local Interpretable Model-agnostic Explanations)
AI for Legal & Compliance,Contract Analysis Tools,Legal Services,Compliance Department,Natural Language Processing,Contract Clause Extraction,Contract Compliance,Regulatory Compliance Verification,Rule-based Analysis,Text Parsing and Rule-based Algorithms
AI for Legal & Compliance,E-Discovery Tools,Legal Industry,Litigation Support,Natural Language Processing,Document Review,Large Volume Document Analysis,Email Correspondence Review,Predictive Coding,Machine Learning Document Classification
AI for Legal & Compliance,Legal Research AI Platforms,Legal Sector,Research and Analysis,Natural Language Processing,Case Law Analysis,Jurisprudence Trends,Patent Law Trends,Textual Analysis,Transformer-based Text Processing
AI for Legal & Compliance,Regulatory Compliance AI,Finance,Risk Management,Natural Language Processing,Contract Review Automation,Contractual Compliance,Regulatory Clause Identification,Rule-based Parsing,Ontology-driven Text Analysis
AI for ML Operations,Model Deployment & Monitoring,Finance,Risk Management,Predictive Analytics,Fraud Detection,Real-time Transaction Monitoring,Credit Card Fraud,Anomaly Detection,Machine Learning-based Anomaly Detection
AI for ML Operations,MLOps Platforms,Finance,Risk Management,Predictive Analytics,Fraud Detection,Transaction Monitoring,Credit Card Fraud,Anomaly Detection,Machine Learning-based Anomaly Detection
AI for ML Operations,Model Training Frameworks,Finance,Investment Analysis,Reinforcement Learning,Portfolio Optimization,Risk Management,Market Volatility,Policy Gradient Methods,TensorFlow-based Implementation
AI for NLP & Text Processing,Language Generation,E-commerce,Customer Service,Transformer-based Models,Chatbot Interaction,Customer Support Queries,Order Status Inquiries,Pre-trained Language Model,BERT-based Chatbot Implementation
AI for NLP & Text Processing,Text Analysis,Finance,Customer Service,Sentiment Analysis,Customer Feedback Analysis,Customer Satisfaction,Negative Feedback Detection,Rule-based Sentiment Classification,TextBlob Sentiment Analysis Implementation
AI for NLP & Text Processing,Translation & Localization,E-commerce,Customer Support,Neural Machine Translation,Real-time Website Localization,High Traffic Events,Black Friday Sales,Dynamic Content Adaptation,Cloud-based AI Translation Service
AI for NLP & Text Processing,Summarization Tools,Legal,Contract Management,Extractive Summarization,Automated Contract Summarization,Contract Overload,Large Enterprise Agreements,Rule-based Extraction,NLP with Regex Patterns
AI for Personal Productivity,AI Note-Taking Apps,Business,Project Management,Natural Language Processing,Meeting Summary Generation,Information Overload,High Volume of Meetings,Abstractive Summarization,Transformer-based Text Summarization
AI for Personal Productivity,AI Scheduling Tools,Corporate Sector,Human Resources,Natural Language Processing,Meeting Scheduling Automation,Overlapping Meetings,Double Booking Prevention,Rule-based Optimization,Constraint Satisfaction Algorithms
AI for Personal Productivity,Personal Finance Management with AI,Finance,Budgeting and Expense Tracking,Natural Language Processing,Automated Budget Analysis,Spending Habits Analysis,Monthly Expense Monitoring,Sentiment Analysis,NLP-driven Sentiment Analysis for Expense Categorization
AI for Personal Productivity,Task Automation Tools,Office Management,Human Resources,Natural Language Processing,Automated Meeting Scheduling,Scheduling Conflicts,Overlapping Meeting Requests,Constraint Satisfaction,Machine Learning-based Scheduling Algorithm
AI for Personalization,Personalized Learning Engines,Education,Curriculum Development,Recommender Systems,Course Recommendation,Student Engagement,Low Engagement,Collaborative Filtering,Matrix Factorization Techniques
AI for Personalization,Product Recommendation Engines,E-commerce,Marketing,Collaborative Filtering,Cross-Selling Recommendations,Customer Purchase Behavior,Frequent Buyers,Pattern Recognition,Matrix Factorization
AI for Reasoning & Decision Making,Reasoning Platforms,Finance,Investment Management,Machine Learning,Portfolio Optimization,Market Fluctuations,Stock Price Volatility,Predictive Modeling,Reinforcement Learning for Predictive Analytics
AI for Research & Development,Scientific Discovery AI,Physics,Materials Science,Machine Learning,New Material Discovery,Performance Optimization,Superconductivity,Predictive Modeling,Neural Network-based Property Prediction
AI for Research & Development,Literature Review Automation,Academic Research,Research Methodology,Natural Language Processing,Automated Literature Surveys,Information Overload,High Volume of Academic Papers,Text Summarization,Transformer-based Text Summarization
AI for Research & Development,Experiment Design Optimization,Pharmaceuticals,Clinical Trials,Machine Learning Algorithms,Trial Protocol Optimization,Patient Recruitment Challenges,Diverse Population Inclusion,Predictive Modeling,Supervised Machine Learning for Recruitment Prediction
AI for Research & Development,Data Analysis Tools,Finance,Risk Management,Machine Learning,Fraud Detection,Transaction Anomalies,Credit Card Fraud,Supervised Learning,Random Forest Classifier Implementation
AI for Security & Surveillance,Anomaly Detection Platforms,Financial Services,Fraud Prevention,Machine Learning Algorithms,Real-time Transaction Monitoring,Unusual Transaction Patterns,Credit Card Fraud Detection,Supervised Learning,Gradient Boosting Classifier
AI for Security & Surveillance,Cybersecurity AI Tools,Finance,Fraud Detection,Machine Learning,Credit Card Fraud Detection,Anomaly Detection,Unusual Transaction Patterns,Supervised Learning,Random Forest Algorithm
AI for Security & Surveillance,Fraud Detection & Prevention,Financial Services,Risk Management,Machine Learning,Transaction Monitoring,Unusual Activity Detection,High-value Transactions,Anomaly Detection,Real-time Data Analysis with Neural Networks
AI for Security & Surveillance,Threat Detection Systems,Public Safety,Law Enforcement,Machine Learning,Intrusion Detection,Unauthorized Access,Breach of Secure Areas,Anomaly Detection,Neural Network-based Anomaly Detection
AI for Security & Surveillance,Video Surveillance & Monitoring AI,Retail,Loss Prevention,Computer Vision,Shoplifting Detection,Suspicious Behavior,Unattended Package Alert,Behavioral Analysis,Real-time Video Analytics
AI for Security & Threat Detection,Anomaly Detection Platforms,Finance,Fraud Prevention,Machine Learning Algorithms,Credit Card Fraud Detection,Unusual Transaction Patterns,Sudden Increase in Transaction Volume,Supervised Learning,Random Forest Classification
AI for Security & Threat Detection,Cybersecurity AI Tools,Finance,Risk Management,Machine Learning-based Anomaly Detection,Fraud Detection,Financial Transactions,Credit Card Fraud,Supervised Learning with Historical Data,Random Forests with Feature Engineering
AI for Security & Threat Detection,Fraud Detection & Prevention,Finance,Risk Management,Machine Learning-based Anomaly Detection,Credit Card Fraud Detection,Transaction Anomalies,Unusual Spending Patterns,Supervised Learning with Anomaly Detection,Neural Network-based Transaction Analysis
AI for Smart Infrastructure,Smart Building Management Systems,Construction and Real Estate,Facilities Management,Machine Learning for Energy Optimization,HVAC System Efficiency,Energy Consumption Reduction,Peak Load Management,Predictive Analytics,Time-series Data Analysis with Neural Networks
AI for Software Development,Code Generation,Software Engineering,Development Tools,Transformer Models,Automated Code Generation,Code Optimization,Performance Improvement,Model-based Optimization,Attention Mechanism in Code Transformers
AI for Software Development,Bug Detection,Software Engineering,Quality Assurance,Machine Learning,Static Code Analysis,Code Complexity,High Cyclomatic Complexity,Pattern Recognition Approach,Neural Network-based Static Analysis
AI for Software Development,Automated Testing,Software Engineering,Quality Assurance,Machine Learning,Regression Testing,Code Changes,Continuous Integration Changes,Supervised Learning,Neural Network-based Test Case Generation
AI for Software Development,AI-Powered IDEs,Software Development,Code Editing,Machine Learning,Intelligent Code Completion,Code Efficiency,Reducing Code Complexity,Predictive Code Suggestions,Neural Network-based Code Prediction
AI for Supply Chain & Logistics,Predictive Supply Chain Analytics,Retail,Inventory Management,Machine Learning,Demand Forecasting,Seasonal Demand Variability,Holiday Season Demand Spike,Time-Series Analysis,ARIMA Model Implementation
AI for Supply Chain & Logistics,Route Optimization Tools,Transportation & Logistics,Logistics Management,Machine Learning Algorithms,Dynamic Route Planning,Traffic Congestion,Peak Hour Traffic Management,Predictive Analytics,Neural Network-based Traffic Prediction
AI for Supply Chain & Logistics,Warehouse Automation AI,Retail,Inventory Management,Robotics and Automation,Automated Picking Systems,High-Demand Periods,Black Friday Sales,Optimization Algorithms,Robotic Arm Control Software
AI for Synthetic Content,Synthetic Media Creation,Entertainment,Video Production,Generative Adversarial Networks (GANs),Deepfake Creation,Content Personalization,Custom Character Generation,Neural Network Training,TensorFlow-based GAN Implementation
AI for Synthetic Content,Synthetic Voice & Deepfake Detection Tools,Media & Entertainment,Content Creation,Machine Learning-based Detection,Voice Authenticity Verification,Misinformation,Deepfake Audio Detection,Anomaly Detection,Convolutional Neural Networks for Audio Analysis
AI for Video Processing,Video Analysis,Retail,Marketing,Computer Vision,Customer Behavior Analysis,In-store Shopping,Aisle Traffic Monitoring,Pattern Recognition,Real-time Video Stream Processing
AI for Video Processing,Video Surveillance & Monitoring AI,Security & Public Safety,City Surveillance,Computer Vision,Real-time Threat Detection,Anomalous Behavior Detection,Crowd Panic Detection,Pattern Recognition,Convolutional Neural Networks for Object Detection
AI for Virtual Assistants & Bots,Chatbots for Customer Support,E-commerce,Customer Service,Natural Language Processing,Automated Customer Query Resolution,High Query Volume,Holiday Season Query Surge,Rule-based Automation,Chatbot with Predefined Scripts
AI for Virtual Assistants & Bots,Enterprise Virtual Assistants,Customer Service,Support Department,Natural Language Processing,Ticket Resolution,High Volume of Inquiries,Peak Season Support,Conversational AI,Chatbot Framework with NLP Integration
AI for Virtual Assistants & Bots,Personal AI Assistants,Retail,Customer Service,Natural Language Processing,Personalized Shopping Assistance,Customer Engagement,Real-time Query Handling,Conversational AI,Transformer-based Chatbot
AI for Virtual Assistants & Bots,Voice Assistants,Customer Service,Support Operations,Natural Language Processing,Automated Customer Queries,High Volume Request Handling,Peak Season Query Management,Intent Recognition,Transformer-based NLP Model
AI for Virtual Reality,AR & VR Integration,Gaming,User Experience,Computer Vision,Enhanced Player Interaction,Interactive Environments,Dynamic Environment Adjustment,Real-time Adaptation,Machine Learning Algorithms for Real-time Scene Adjustments
AI for Wildlife Conservation,Wildlife Monitoring AI,Ecology,Field Monitoring,Computer Vision,Animal Population Tracking,Endangered Species Monitoring,Snow Leopard Tracking,Image Recognition,Drone-based Image Collection and Processing
AI for Workforce Management,Employee Engagement AI,Corporate Services,Human Resources,Natural Language Processing,Employee Sentiment Analysis,Low Engagement Levels,Remote Workforce Engagement,Sentiment Analysis,Transformer-based Sentiment Analysis
AI for Workforce Management,Performance Management Systems,Corporate Sector,Human Resources,Machine Learning,Employee Evaluation,Performance Optimization,Remote Workforce Performance,Predictive Analytics,Neural Network-based Performance Prediction
AI in Agriculture,Crop Monitoring,Precision Agriculture,Field Management,Computer Vision,Crop Health Analysis,Pest Infestation,Locust Swarm Detection,Image Recognition Approach,Drone-based Image Capture and Analysis
AI in Agriculture,Livestock Management AI,Agriculture,Livestock Health Monitoring,Computer Vision,Cattle Lameness Detection,Physical Health Issues,Lameness in Cattle,Image Recognition Techniques,Convolutional Neural Networks for Image Analysis
AI in Agriculture,Soil Analysis AI,Agricultural Science,Soil Management,Machine Learning,Nutrient Level Prediction,Nutrient Deficiency,Nitrogen Deficiency,Supervised Learning,Random Forest Algorithm for Soil Data
AI in Agriculture,Precision Irrigation Systems,Agriculture,Irrigation Management,Machine Learning,Soil Moisture Prediction,Water Scarcity,Drought Conditions,Predictive Analytics,Sensor Data Integration and Analysis
AI in Business & Operations,Inventory Management AI,Retail,Supply Chain,Machine Learning,Demand Forecasting,Seasonal Demand Variability,Holiday Season Demand Peaks,Predictive Analytics,Time Series Forecasting with LSTM Networks
AI in Business & Operations,Marketing Automation Tools,Retail,Sales and Customer Engagement,Machine Learning,Personalized Product Recommendations,Personalization,Real-time Product Suggestions,Collaborative Filtering,Neural Network-based Recommendation System
AI in Business & Operations,Performance Management Systems,Finance,Human Resources,Machine Learning,Employee Performance Prediction,Employee Turnover,High Potential Employee Retention,Predictive Analytics,Gradient Boosting Decision Trees Implementation
AI in Business & Operations,Productivity Platforms with AI Integration,Corporate Finance,Accounting,Natural Language Processing,Automated Financial Reporting,Accuracy Improvement,Error Reduction in Reports,Data-driven Analysis,AI-powered Data Validation and Report Generation
AI in Design & Creativity,Creative Writing Assistants,Publishing,Content Creation,Natural Language Processing,Book Synopsis Generation,Time Efficiency,Tight Deadlines,Template-based Writing,Transformer-based Text Generation
AI in Design & Creativity,Generative Art Platforms,Visual Arts,Creative Development,Generative Adversarial Networks,AI-Powered Artwork Creation,Style Variation,Imitating Famous Art Styles,Style Transfer,Convolutional Neural Networks with Style Loss Function
AI in Design & Creativity,Graphic Design AI Tools,Digital Media,Creative Services,Generative Adversarial Networks (GANs),Logo Design,Customization,User-customized Logos,User-driven Design Variability,GAN-powered Image Synthesis
AI in Design & Creativity,UX/UI Design Assistance,Digital Product Design,User Experience Design,Machine Learning Algorithms,Wireframe Generation,Complex Design Projects,Cross-Platform Interface Design,Generative Design Techniques,Neural Network-Driven Interface Prototyping
AI in Design & Creativity,Video Editing AI Tools,Media & Entertainment,Post-Production,Machine Learning,Automated Scene Editing,Time Constraints,Real-time Editing,Supervised Learning,Convolutional Neural Networks
AI in Education & Learning,Adaptive Learning Platforms,K-12 Education,Curriculum Development,Machine Learning,Personalized Study Plans,Student Performance Variability,Attention Span Challenges,Data-driven Personalization,Neural Network-based Recommendation System
AI in Education & Learning,AI Tutors & Virtual Classrooms,Education,Online Learning,Natural Language Processing,Automated Essay Feedback,Student Performance Enhancement,Improving Writing Skills,Feedback Personalization,Transformer-based NLP Model
AI in Education & Learning,Automated Grading & Assessment Tools,Education,Academic Assessment,Natural Language Processing,Essay Grading,Language Proficiency Evaluation,English Language Essays,Machine Learning-based Scoring,Transformer Models for Text Analysis
AI in Education & Learning,Language Learning Apps with AI,Education,Language Acquisition,Natural Language Processing,Speech Recognition and Feedback,Pronunciation Improvement,Accent Reduction,Machine Learning-based Feedback,Real-time Audio Processing
AI in Education & Learning,Personalized Learning Engines,Education,Curriculum Development,Machine Learning,Adaptive Learning Systems,Diverse Learning Paces,Students with Learning Disabilities,Curriculum Personalization,Reinforcement Learning Algorithms
AI in Energy,Smart Grid Management,Energy Distribution,Grid Operations,Machine Learning,Load Forecasting,Demand Response,Peak Load Management,Predictive Analytics,Time Series Forecasting using Neural Networks
AI in Energy,Energy Consumption Forecasting,Utilities,Demand Planning,Machine Learning,Load Forecasting,Peak Demand,Summer High Usage,Time Series Analysis,LSTM Neural Network Implementation
AI in Energy,Renewable Energy Optimization,Solar Energy,Grid Management,Machine Learning,Predictive Maintenance of Solar Panels,Weather Variability,Cloud Cover Prediction,Time Series Forecasting,LSTM Neural Networks for Weather Prediction
AI in Energy,Oil & Gas Exploration AI,Oil & Gas Industry,Exploration,Machine Learning,Seismic Data Analysis,Uncertainty Reduction,Reservoir Characterization,Supervised Learning,Neural Network-based Seismic Interpretation
AI in Entertainment & Media,AI in Film Production,Film Production,Post-Production,Computer Vision,Automated Video Editing,Efficiency Enhancement,Time Reduction in Editing,Automated Scene Detection,Deep Learning for Scene Segmentation
AI in Entertainment & Media,Automated Video & Audio Editing Tools,Film Production,Post-Production,Machine Learning Algorithms,Automated Scene Detection,Editing Efficiency,Time-saving in Editing,Pattern Recognition,Convolutional Neural Networks for Scene Analysis
AI in Entertainment & Media,Content Recommendation Engines,Streaming Services,User Engagement,Collaborative Filtering,Personalized Movie Recommendations,User Preferences,Genre-Based Preferences,Matrix Factorization,Singular Value Decomposition (SVD) Implementation
AI in Entertainment & Media,Synthetic Media Creation,Film Production,Post-Production,Deep Learning,Visual Effects Generation,Scene Enhancement,Weather Simulation,Generative Adversarial Networks,StyleGAN for Weather Effects
AI in Finance,Algorithmic Trading Platforms,Financial Markets,Trade Execution,Machine Learning Algorithms,High-Frequency Trading,Market Volatility,Sudden Price Movements,Predictive Modeling,Neural Networks for Predictive Analysis
AI in Finance,Credit Scoring & Risk Assessment,Banking,Loan Department,Machine Learning,Loan Default Prediction,Credit Risk Assessment,High-Risk Borrower Identification,Supervised Learning,Random Forest Classifier
AI in Finance,Financial Forecasting Tools,Banking,Risk Management,Machine Learning Algorithms,Credit Risk Prediction,Economic Downturns,Recession Impact Analysis,Predictive Modeling,Regression Analysis using Neural Networks
AI in Finance,Fraud Detection Systems,Banking,Risk Management,Machine Learning Algorithms,Transaction Monitoring,Fraudulent Activity,Credit Card Fraud,Anomaly Detection,Supervised Learning with Neural Networks
AI in Finance,Robo-Advisors,Wealth Management,Investment Advisory,Machine Learning Algorithms,Portfolio Optimization,Market Volatility,Economic Downturns,Risk Assessment Modeling,Reinforcement Learning-based Portfolio Rebalancing
AI in Finance & Trading,Algorithmic Trading Platforms,Financial Markets,Trading Desk Operations,Machine Learning Algorithms,High-Frequency Trading,Market Volatility,Sudden Price Movements,Predictive Analytics,Real-time Data Processing using Reinforcement Learning
AI in Finance & Trading,Financial Forecasting Tools,Stock Market,Investment Analysis,Machine Learning,Stock Price Prediction,Volatile Markets,High-frequency Trading,Predictive Modeling,Neural Network-based Predictive Models
AI in Finance & Trading,Fraud Detection Systems,Banking,Risk Management,Machine Learning,Transaction Monitoring,Anomalous Transactions,Unauthorized Transfers,Predictive Modeling,Supervised Learning with Random Forests
AI in Gaming,AI Game Development Tools,Video Game Industry,Game Development,Procedural Content Generation,Dynamic Level Design,Personalized Gaming Experience,Real-time Player Adaptation,Reinforcement Learning,Adaptive Algorithms for Procedural Generation
AI in Gaming,AI-Based Game Analytics,Video Game Development,Player Behavior Analysis,Machine Learning Algorithms,Player Retention Prediction,Predicting Player Churn,Casual Gamers,Supervised Learning,Random Forest Classifier for Churn Prediction
AI in Gaming,Non-Player Character (NPC) AI,Video Game Development,Game Design,Reinforcement Learning,Dynamic NPC Behavior,Adaptive Gameplay,Real-time Decision Making,Behavioral Cloning,Neural Network-based Decision Trees
AI in Gaming,Procedural Content Generation,Video Games,Game Development,Procedural Generation Algorithms,Dynamic Level Design,Replayability Enhancement,Increasing Player Engagement,Algorithmic Content Variation,Perlin Noise-Based Level Generation
AI in Gaming,AI-Based Game Analytics,Gaming Industry,Player Engagement Analysis,Machine Learning Algorithms,Player Behavior Prediction,Engagement Level Identification,Identifying Decreasing Engagement,Predictive Analytics,Neural Network-based Player Engagement Prediction
AI in Gaming,Procedural Content Generation,Gaming,Game Development,Machine Learning,Terrain Generation,Dynamic Environment Creation,Real-time Terrain Adaptation,Generative Algorithm Approach,Noise-based Heightmap Generation
AI in Government,Public Safety AI,Law Enforcement,Police Operations,Computer Vision,Facial Recognition,Crime Prevention,Suspect Identification,Pattern Recognition,Convolutional Neural Networks
AI in Government,Policy Analysis,Public Sector,Legislative Affairs,Natural Language Processing,Legislation Draft Analysis,Policy Compliance,Healthcare Policy Compliance,Semantic Text Analysis,Transformer-based Language Models
AI in Government,Citizen Services Chatbots,Public Administration,Public Assistance Services,Natural Language Processing,Virtual Government Assistant,Public Inquiry Response,Tax Filing Assistance,Conversational AI,Transformer-based Language Model
AI in Government,Fraud Detection in Public Programs,Public Sector,Welfare Services,Machine Learning,Benefit Claim Verification,Fraudulent Activity,Duplicate Claims,Anomaly Detection,Neural Network-based Anomaly Detection
AI in Healthcare,Diagnostic Assistance Tools,Healthcare,Radiology,Image Recognition,Tumor Detection,Cancer,Breast Cancer,Pattern Recognition,Convolutional Neural Networks
AI in Healthcare,Drug Discovery AI,Pharmaceuticals,Research and Development,Machine Learning Algorithms,Molecular Structure Prediction,Chronic Diseases,Cancer,Pattern Recognition,Neural Network-based Prediction Models
AI in Healthcare,Health Monitoring Systems,Healthcare,Patient Monitoring,Wearable Sensors,Continuous Glucose Monitoring,Diabetes Management,Type 1 Diabetes,Time-Series Analysis,Machine Learning-based Glucose Prediction
AI in Healthcare,Medical Imaging Analysis,Radiology,Diagnostic Imaging,Computer Vision,Lung CT Scan Analysis,Respiratory Disorders,Pneumonia Detection,Pattern Recognition,Convolutional Neural Networks
AI in Healthcare,Telemedicine AI Solutions,Healthcare,Remote Patient Monitoring,Natural Language Processing,Virtual Health Assistant,Chronic Disease Management,Diabetes Monitoring,Conversational AI,Voice Recognition and Response System
AI in Healthcare,Genomics & Bioinformatics AI,Genomics,Research and Development,Machine Learning Algorithms,Genetic Variant Analysis,Genetic Disorders,Cystic Fibrosis,Predictive Modeling,Random Forest-based Variant Prediction
AI in Healthcare & Bioinformatics,Drug Discovery AI,Pharmaceutical Industry,Research and Development,Machine Learning Algorithms,Compound Efficacy Prediction,Cancer Treatment,Breast Cancer,Predictive Modeling,Neural Network-based Predictive Modeling
AI in Healthcare & Bioinformatics,Genomics & Bioinformatics AI,Genomics,Data Analysis,Machine Learning Algorithms,Variant Calling,Genetic Disorders,Cystic Fibrosis,Supervised Learning,Random Forest Classifier for SNP Detection
AI in Healthcare & Bioinformatics,Health Monitoring Systems,Healthcare,Remote Patient Monitoring,Wearable Sensors,Vital Sign Monitoring,Chronic Disease Management,Diabetes Management,Predictive Analytics,Machine Learning Algorithm for Glucose Level Prediction
AI in Healthcare & Bioinformatics,Medical Imaging Analysis,Healthcare,Radiology,Computer Vision,Lung CT Scan Analysis,Respiratory Disorders,Lung Cancer Screening,Pattern Recognition,Convolutional Neural Networks (CNN) Implementation
AI in HR & Recruitment,Recruitment & Talent Acquisition Tools,Corporate Sector,Human Resources,Natural Language Processing,Resume Screening,High Volume Applications,Graduate Recruitment,Keyword Matching,Text Classification Algorithms
AI in HR & Recruitment,Resume Screening Tools,Corporate,Talent Acquisition,Natural Language Processing,Automated Resume Parsing,High Volume Applications,Bulk Application Filtering,Machine Learning Algorithms,TensorFlow-based NLP Models
AI in HR & Recruitment,Workforce Analytics Platforms,Corporate Sector,Human Resources,Machine Learning,Employee Turnover Prediction,Retention Risk,High Attrition Risk,Predictive Modeling,Random Forest Algorithm
AI in Human Resources (HR),Employee Engagement AI,Corporate,Human Resources,Natural Language Processing,Employee Feedback Analysis,Employee Satisfaction,Annual Employee Surveys,Sentiment Analysis,Transformer-based NLP Models
AI in Human Resources (HR),Performance Management Systems,Corporate,Human Resources,Machine Learning,Employee Performance Prediction,Underperformance,Employee Retention Risk,Predictive Analytics,Regression Models with Neural Networks
AI in Human Resources (HR),Recruitment & Talent Acquisition Tools,Corporate Sector,Human Resources Department,Natural Language Processing,Resume Screening,High Volume Applications,Bulk Resume Filtering,Machine Learning-based Filtering,Transformer-based NLP Model
AI in Human Resources (HR),Resume Screening Tools,Human Resources,Recruitment,Natural Language Processing,Automated Resume Screening,High Volume Applications,Graduate Program Applications,Keyword Matching,Machine Learning-based Parsing
AI in Human Resources (HR),Workforce Analytics Platforms,Corporate Sector,Human Resources,Machine Learning,Employee Retention Prediction,High Employee Turnover,Voluntary Resignation,Predictive Analytics,Gradient Boosting Algorithm for Predictive Modeling
AI in Legal & Compliance,Contract Analysis Tools,Legal,Contract Management,Natural Language Processing,Automated Contract Review,Compliance Verification,Regulatory Compliance Checks,Rule-based and Machine Learning Hybrid Approach,Text Classification and Information Extraction using NLP
AI in Legal & Compliance,E-Discovery Tools,Legal Services,Litigation Support,Natural Language Processing,Document Review Automation,High-volume Document Analysis,Large-scale Data Breach Investigation,Pattern Recognition and Data Classification,Machine Learning-based Text Classification
AI in Legal & Compliance,Legal Research AI Platforms,Legal,Legal Research,Natural Language Processing,Legal Document Analysis,Handling Large Volumes of Data,High-Volume Case Law Review,Text Analysis and Classification,Transformer-based NLP Models
AI in Legal & Compliance,Regulatory Compliance AI,Financial Services,Risk Management,Machine Learning,Fraud Detection,Compliance Violations,AML (Anti-Money Laundering),Pattern Recognition,Neural Network-based Anomaly Detection
AI in Manufacturing,Predictive Maintenance,Manufacturing Equipment,Maintenance Department,Machine Learning,Failure Prediction,Equipment Downtime,Unexpected Machine Failure,Predictive Analytics,Sensor Data Analysis Using Neural Networks
AI in Manufacturing,Quality Control AI,Automotive Manufacturing,Production Line,Computer Vision,Defect Detection,Surface Defects,Paint Imperfections,Image Classification,Convolutional Neural Networks for Image Processing
AI in Manufacturing,Supply Chain Optimization,Automotive Manufacturing,Logistics,Machine Learning,Demand Forecasting,Inventory Management Challenges,Excess Inventory,Predictive Analytics,Time Series Analysis using LSTM Networks
AI in Manufacturing,Robotics in Manufacturing,Automotive Manufacturing,Assembly Line,Computer Vision,Quality Inspection,Defect Detection,Surface Anomalies,Image Processing Techniques,Convolutional Neural Networks (CNN) for Real-time Defect Detection
AI in Marketing & Customer Insights,Customer Relationship Management (CRM) AI,Retail,Sales & Customer Service,Natural Language Processing,Chatbot for Customer Support,Customer Query Resolution,Handling Product-Related Inquiries,Conversational AI,Transformer-based NLP Model
AI in Marketing & Customer Insights,Marketing Automation Tools,Retail,Sales & Promotions,Machine Learning,Personalized Email Campaigns,Customer Engagement,Increased Open Rates,Predictive Analytics,Collaborative Filtering Algorithm Implementation
AI in Marketing & Customer Insights,Personalization Engines,E-commerce,Customer Experience,Machine Learning Algorithms,Product Recommendation,User Engagement,High Cart Abandonment,Collaborative Filtering,Real-Time Data Processing
AI in Marketing & Customer Insights,Social Media Analytics & Optimization Tools,Retail,Customer Engagement,Sentiment Analysis,Social Media Sentiment Monitoring,Brand Reputation Management,Crisis Management,Real-time Sentiment Tracking,Natural Language Processing with Sentiment Scoring
AI in Marketing & Sales,AI-Driven Ad Platforms,Retail,Digital Advertising,Machine Learning Algorithms,Personalized Ad Targeting,Audience Segmentation,Behavioral Targeting,Predictive Analytics,Real-time Data Processing
AI in Marketing & Sales,Content Generation Tools for Marketing,Digital Marketing,Content Creation,Natural Language Processing,Blog Post Generation,Audience Engagement,Improving Reader Interaction,Generative Model Approach,Transformer-based Language Model
AI in Marketing & Sales,Customer Relationship Management (CRM) AI,Retail,Sales,Natural Language Processing,Chatbot for Customer Support,Customer Inquiries,Product-related Questions,Rule-based Response Generation,Pre-trained Language Model Integration
AI in Marketing & Sales,Marketing Automation Tools,Retail,E-commerce,Machine Learning Algorithms,Customer Segmentation,Personalized Marketing,Targeted Promotions,Data-driven Personalization,Collaborative Filtering Algorithms
AI in Marketing & Sales,Personalization Engines,E-commerce,Customer Experience,Machine Learning Algorithms,Product Recommendation System,Customer Purchase Behavior,Real-time Purchase Intent,Collaborative Filtering Approach,Matrix Factorization Techniques
AI in Marketing & Sales,Social Media Analytics & Optimization Tools,Retail,Marketing Department,Natural Language Processing,Sentiment Analysis,Customer Feedback,Negative Sentiment Detection,Text Classification,Transformer-based Sentiment Model
AI in Real Estate & Property Management,Predictive Property Valuation Tools,Real Estate Industry,Valuation and Investment,Machine Learning Algorithms,Automated Property Valuation,Market Fluctuations,Price Prediction during Economic Downturns,Time Series Analysis,ARIMA Model Implementation
AI in Real Estate & Property Management,Smart Building Management Systems,Commercial Real Estate,Facilities Management,Predictive Analytics,Energy Usage Optimization,Energy Efficiency,High Energy Consumption in Peak Hours,Data-Driven Predictive Modeling,Machine Learning Algorithms for Energy Prediction
AI in Real Estate & Property Management,Virtual Tours with AI,Real Estate,Property Management,Computer Vision,3D Property Tours,Remote Property Viewing,Virtual Open Houses,Interactive Tour Generation,AI-driven 3D Rendering
AI in Retail,Customer Experience AI,Retail,Customer Service,Natural Language Processing,Chatbots for Customer Support,High Volume of Customer Inquiries,Holiday Season Inquiries,Conversational AI,Transformer-based Chatbot Deployment
AI in Retail,Inventory Management AI,Retail,Supply Chain,Machine Learning,Demand Forecasting,Stock Level Optimization,Seasonal Demand Prediction,Time Series Analysis,ARIMA Model Implementation
AI in Retail,Personalized Marketing,E-commerce,Marketing Department,Machine Learning,Product Recommendation System,Customer Engagement,Low Customer Conversion Rate,Behavioral Analysis,Collaborative Filtering Algorithm Implementation
AI in Retail,Pricing Optimization Tools,E-commerce,Sales and Marketing,Machine Learning,Dynamic Pricing,Market Demand Fluctuations,Holiday Season Demand Spikes,Predictive Analytics,Neural Network-based Demand Forecasting
AI in Sports,Performance Analysis,Sports,Team Performance,Machine Learning,Player Tracking and Analysis,Game Strategy Optimization,Real-time Tactical Adjustments,Predictive Modeling,Computer Vision-based Player Movement Analysis
AI in Sports,Injury Prediction,Sports Medicine,Athlete Health Management,Machine Learning,Injury Risk Assessment,Musculoskeletal Injuries,ACL Tear Prediction,Predictive Analytics,Time Series Analysis using Recurrent Neural Networks
AI in Sports,Fan Engagement AI,Sports,Marketing and Fan Experience,Natural Language Processing,Chatbots for Fan Interaction,Event Engagement,Match Day Experience,Conversational AI,Machine Learning-powered Chatbot Development
AI in Sports,Referee Assistance Systems,Sports,Officiating,Computer Vision,Goal Line Technology,Boundary Decisions,Goal Confirmation,Image Analysis,Real-time Video Processing
AI in Telecommunications,Network Optimization,Telecommunications,Network Management,Machine Learning-based Traffic Optimization,Predictive Network Congestion Management,Traffic Congestion,Peak Hour Network Overload,Predictive Analytics,Real-time Traffic Prediction using Neural Networks
AI in Telecommunications,Customer Service Chatbots,Telecommunications,Customer Support,Natural Language Processing,Automated Inquiry Resolution,High Inquiry Volume,Peak Call Times Management,Dialog Management,Reinforcement Learning for Dialogue Optimization
AI in Telecommunications,Fraud Detection Systems,Telecommunications,Billing and Revenue Assurance,Machine Learning,Real-time Fraud Alerts,Anomalous Usage Patterns,Unusually High Call Volume,Anomaly Detection Algorithms,Supervised Learning with Neural Networks
AI in Telecommunications,Predictive Analytics for Churn,Telecommunications,Customer Service,Machine Learning,Churn Prediction,Customer Retention,High Churn Risk Identification,Predictive Modeling,Gradient Boosting Machine Learning Models
AI in Transportation,Autonomous Vehicles (Self-Driving Technologies),Automotive Industry,Vehicle Control Systems,Computer Vision,Lane Keeping Assistance,Adverse Weather Conditions,Heavy Rain,Sensor Fusion,LiDAR and Camera Integration
AI in Transportation,Traffic Management AI,Urban Transportation,Traffic Flow Optimization,Machine Learning Algorithms,Real-time Traffic Signal Control,Congestion Management,Rush Hour Traffic,Predictive Modeling,Neural Network-based Traffic Prediction
AI in Transportation,Fleet Management Optimization,Logistics,Operations,Machine Learning,Route Optimization,Traffic Congestion,Rush Hour Traffic,Predictive Analytics,Real-time GPS Data Integration
AI in Transportation,Predictive Maintenance for Vehicles,Automotive Industry,Vehicle Maintenance,Machine Learning,Real-time Vehicle Diagnostics,Component Wear and Tear,Brake Pad Wear Prediction,Predictive Analytics,Sensor Data Analysis and Machine Learning Algorithms
AI in Transportation & Logistics,Route Optimization Tools,Logistics,Supply Chain Management,Machine Learning Algorithms,Delivery Route Planning,Dynamic Traffic Conditions,Real-time Traffic Updates,Data-driven Optimization,Predictive Analytics with GPS Integration
AI in Transportation & Logistics,Warehouse Automation AI,Supply Chain,Inventory Management,Robotics and AI,Automated Picking Systems,Efficiency Improvement,Peak Season Handling,Collaborative Robotics,Vision-guided Robotic Arms
AI Infrastructure & Hardware,"AI Accelerators (GPUs, TPUs)",Finance,Risk Management,Credit Scoring,Loan Approval Prediction,Credit Risk Assessment,High-Risk Loan Identification,Predictive Analytics,Real-time Data Processing with GPUs
AI Infrastructure & Hardware,AI Model Hosting Platforms,Finance,Investment Management,Machine Learning,Automated Portfolio Management,Market Volatility,High-Frequency Trading,Predictive Analytics,Real-time Data Processing using Cloud Infrastructure
AI Infrastructure & Hardware,Edge AI Devices,Manufacturing,Quality Control,Computer Vision,Defect Detection,Product Surface Inspection,Scratch Detection,Image Processing,Convolutional Neural Networks for Image Analysis
AI Infrastructure & Hardware,IoT & Edge AI,Manufacturing,Process Optimization,Predictive Maintenance,Machine Failure Prediction,Equipment Downtime,CNC Machine Downtime,Anomaly Detection,Edge AI with Real-time Sensor Data Analysis
AI Models & Frameworks,General AI APIs,Finance,Risk Management,Natural Language Processing,Fraud Detection,Transaction Monitoring,Credit Card Fraud,Pattern Recognition,Neural Network-based Anomaly Detection
AI Models & Frameworks,Model Training Frameworks,Finance,Risk Management,Machine Learning,Credit Risk Assessment,Financial Risks,Default Prediction,Predictive Modeling,Gradient Boosting Decision Trees
AI Models & Frameworks,Open-Source AI,Retail,Customer Experience,Natural Language Processing,Chatbots for Customer Support,High Volume Inquiries,Order Status Queries,Rule-based Interaction,Open-Source NLP Framework Integration
AI Open-Source Platforms,GitHub Repositories,Finance,Risk Management,Machine Learning,Fraud Detection,Transaction Monitoring,Credit Card Fraud,Anomaly Detection,Real-time Transaction Analysis
AI Open-Source Platforms,Hosting Platforms,E-commerce,Customer Service,Natural Language Processing,Chatbot Integration,High Volume Customer Queries,Holiday Season Traffic,Sentiment Analysis,BERT-based Sentiment Analysis
AI Speech & Voice Processing,Audio Analysis & Editing Tools,Media & Entertainment,Content Production,Natural Language Processing,Podcast Editing,Noise Reduction,Background Noise Removal,Signal Processing,Fourier Transform Analysis
AI Speech & Voice Processing,Real-Time Language Translation AI,Travel & Hospitality,Customer Service,Neural Machine Translation,Multilingual Customer Support,High-volume Interactions,Airport Customer Assistance,Sequence-to-sequence Learning,Transformer-based Real-Time Translation
AI Speech & Voice Processing,Voice Assistants,Retail,Customer Service,Natural Language Processing,Voice-activated Shopping Assistant,Enhancing Customer Experience,Handling High Volume Queries,Conversational AI,Cloud-based Speech Recognition
AI-Powered Search Engines & Knowledge Management,Document Automation & Knowledge Extraction,Legal Services,Contract Management,Natural Language Processing,Automated Contract Review,Compliance Monitoring,GDPR Compliance,Rule-based Analysis,NLP-driven Clause Identification
AI-Powered Search Engines & Knowledge Management,Enterprise Knowledge Graphs,Financial Services,Risk Management,Graph Neural Networks,Fraud Detection,Anomalous Transactions,Credit Card Fraud,Pattern Recognition,Real-time Transaction Monitoring with Graph Databases
AI-Powered Search Engines & Knowledge Management,Semantic Search Engines,E-commerce,Product Discovery,Natural Language Processing,Personalized Product Recommendations,User Intent Recognition,Ambiguous Search Queries,Contextual Understanding,Transformer-based Models
Computer Vision (CV),AR & VR Integration,Retail,Customer Engagement,Pose Estimation,Virtual Try-On,User Interaction,Gesture Recognition,Markerless Tracking,3D Model Overlay using Machine Learning
Computer Vision (CV),Facial Recognition,Security,Surveillance,Deep Learning,Identity Verification,Unauthorized Access,Non-employee Entry,Convolutional Neural Networks,Real-time Video Analysis
Computer Vision (CV),Image Recognition,Retail,Inventory Management,Object Detection,Shelf Monitoring,Stock Availability,Out-of-Stock Alerts,Threshold-based Monitoring,Computer Vision Algorithm for Real-Time Shelf Monitoring
Computer Vision (CV),Image Segmentation,Healthcare,Surgery,Convolutional Neural Networks (CNN),Real-time Tumor Detection,Intraoperative Guidance,Brain Tumor Localization,Image Processing and Analysis,Real-time CNN-based Image Segmentation
Computer Vision (CV),Object Detection & Tracking,Retail,Inventory Management,Convolutional Neural Networks (CNN),Automated Shelf Monitoring,Stock Level Management,Out-of-Stock Detection,Real-time Image Processing,Edge Computing with Embedded Cameras
Computer Vision (CV),Optical Character Recognition (OCR),Finance,Document Processing,Deep Learning OCR,Invoice Scanning,Data Extraction,Automated Invoice Processing,Neural Network-based Parsing,TensorFlow OCR Model Implementation
Computer Vision (CV),Video Analysis,Retail,Loss Prevention,Object Detection,Shoplifting Detection,In-store Theft,Suspicious Behavior Recognition,Pattern Recognition,Real-time Video Processing
Cross-Industry AI Applications,AI as a Service (AIaaS) Platforms,Retail,Customer Service,Natural Language Processing,Chatbot Support,Customer Inquiries,Product Information Requests,Conversational AI,Pre-trained Language Models with Fine-tuning
Cross-Industry AI Applications,Custom AI Development Tools,Finance,Risk Management,Predictive Analytics,Fraud Detection,Transaction Monitoring,Credit Card Fraud,Anomaly Detection,Machine Learning-based Anomaly Detection
Cross-Industry AI Applications,General AI APIs,Retail,Customer Service,Natural Language Processing,Chatbot Interaction,Customer Inquiries,Product Information Queries,Intent Recognition,Transformer-based Language Model
Ethical AI & Governance,AI Model Explainability Platforms,Finance,Risk Management,Model Interpretability,Credit Score Analysis,Bias Detection,Racial Bias in Credit Scoring,Fairness Assessment,LIME-based Interpretability
Ethical AI & Governance,Bias Detection Tools,Finance,Compliance,Natural Language Processing,Bias Detection in Loan Approvals,Discriminatory Practices,Gender Bias,Algorithmic Auditing,Statistical Bias Analysis
Ethical AI & Governance,Fairness & Accountability Systems,Finance,Compliance,Bias Detection Algorithms,Loan Approval Process,Bias in Credit Scoring,Racial Bias in Loan Decisions,Fairness Constraints Application,Auditing AI Systems with Fairness Metrics
Ethical AI & Governance,Algorithm Transparency Tools,Finance,Risk Management,Explainable AI,Credit Scoring Transparency,Bias Mitigation,Discriminatory Lending Practices,Model Interpretation,Feature Importance Analysis using SHAP
General AI Categories,Applied AI,Finance,Risk Management,Machine Learning,Fraud Detection,Transaction Monitoring,Credit Card Fraud,Anomaly Detection,Real-time Transaction Scanning
General AI Categories,Artificial General Intelligence (AGI),Finance,Investment Analysis,Machine Learning Algorithms,Portfolio Optimization,Market Volatility,High Volatility Periods,Predictive Analytics,Recurrent Neural Networks for Predictive Modeling
General AI Categories,Narrow AI (Weak AI),Finance,Fraud Detection,Anomaly Detection,Credit Card Fraud Detection,Transactional Anomalies,Unusual Spending Patterns,Supervised Machine Learning,Neural Network-based Pattern Recognition
General AI Categories,Open-Source AI,Healthcare,Diagnostics,Natural Language Processing,Clinical Notes Analysis,Medical Data Interpretation,Electronic Health Record Analysis,Machine Learning Classification,Open-source NLP Framework Integration
Generative AI,Text-to-Image Generators,Entertainment,Marketing,Neural Networks,Ad Campaign Visuals,Brand Awareness,Seasonal Campaigns,Style Transfer,GANs with Style Transfer for Seasonal Themes
Generative AI,Text-to-Video Generators,Entertainment,Content Creation,Neural Networks,Automated Video Advertising,High Engagement Content,Dynamic Ad Insertion,Generative Ad Design,GAN-based Video Synthesis
Generative AI,3D Model Generation,Architecture,Design,Neural Implicit Surfaces,Building Facade Reconstruction,Complex Geometry,Historical Buildings,Shape-from-Silhouette,Voxel-based Reconstruction
Generative AI,AI Music & Audio Generation,Entertainment,Music Production,Neural Networks,Song Composition,Customization,Personalized Music Creation,Generative Adversarial Networks (GANs),GAN-based Melodic Structure Generation
Generative AI,Code Generation,Software Development,Development Tools,Transformer Models,Automated Code Suggestions,Code Efficiency,Reducing Code Complexity,Data-driven Optimization,Transformer-based Code Analysis
Generative AI,Synthetic Media Creation,Entertainment,Film Production,Neural Network-based Video Generation,Virtual Character Creation,Realistic Character Interactions,Emotional Expression Generation,Generative Adversarial Networks,StyleGAN-based Character Animation
Generative AI,Image Generation (Generative AI),Fashion,Design,GANs (Generative Adversarial Networks),Virtual Fashion Design,Seasonal Collection Planning,Winter Fashion Trends,Trend Forecasting,StyleGAN-based Pattern Generation
Generative AI,Synthetic Voice & Deepfake Detection Tools,Media & Entertainment,Content Creation,Voice Synthesis,Voice Cloning for Audiobooks,Accurate Voice Mimicry,Celebrity Voice Imitation,Deep Neural Networks,WaveNet-based Synthesis
Machine Learning (ML) Platforms,Automated Machine Learning (AutoML),Finance,Risk Management,Predictive Modeling,Credit Risk Assessment,Loan Default Risk,High-Risk Borrower Identification,Anomaly Detection,Autoencoder-based Anomaly Detection
Machine Learning (ML) Platforms,Model Deployment & Monitoring,Finance,Fraud Detection,Anomaly Detection,Credit Card Fraud Monitoring,Transaction Irregularities,Large Transaction Anomalies,Pattern Recognition,Real-time Stream Processing
Machine Learning (ML) Platforms,Reinforcement Learning,Healthcare,Surgery,Robotic Process Automation,Surgical Robot Control,Minimally Invasive Surgery,Laparoscopic Procedures,Reward Optimization,Deep Q-Learning for Action Selection
Machine Learning (ML) Platforms,Self-Supervised Learning,Finance,Fraud Detection,Anomaly Detection,Transaction Monitoring,Financial Fraud,Credit Card Fraud,Pattern Recognition,Graph Neural Networks Implementation
Machine Learning (ML) Platforms,Semi-Supervised Learning,Finance,Fraud Detection,Graph-Based Learning,Transaction Monitoring,Anomalous Activity,Credit Card Fraud,Graph Convolutional Networks,PyTorch Implementation with Graph Convolutional Layers
Machine Learning (ML) Platforms,Supervised Learning,Finance,Fraud Detection,Anomaly Detection,Credit Card Fraud Monitoring,Transaction Irregularities,Unusual Spending Patterns,Pattern Recognition,Random Forest Algorithm for Anomaly Detection
Machine Learning (ML) Platforms,Unsupervised Learning,Finance,Fraud Detection,Clustering Algorithms,Anomaly Detection in Transactions,Suspicious Account Activity,Large Transaction Volume,Density-based Clustering,DBSCAN Implementation on Transaction Data
Natural Language Processing (NLP),Keyword Extraction & Topic Modeling,Marketing,Content Creation,Latent Dirichlet Allocation (LDA),Automated Content Tagging,Content Organization,Blog Post Categorization,Topic Clustering,Python-based LDA Implementation
Natural Language Processing (NLP),Language Generation,Marketing,Content Creation,Transformer Models,Blog Post Generation,Content Personalization,User Interest Profiling,Contextual Understanding,GPT-based Content Generation
Natural Language Processing (NLP),Speech Processing,Customer Service,Customer Support,Speech Recognition,Voice-to-Text Transcription,Language Barriers,Non-native Speakers,Transfer Learning,Pre-trained Model Fine-tuning
Natural Language Processing (NLP),Summarization Tools,Legal,Compliance,Extractive Summarization,Contract Review,Document Overload,High Volume Contracts,Abstractive Summarization,Transformer-based Model Implementation
Natural Language Processing (NLP),Text Analysis,Finance,Customer Support,Sentiment Analysis,Customer Feedback Analysis,Customer Satisfaction,Negative Feedback Detection,Rule-based Sentiment Scoring,Natural Language Toolkit (NLTK) Implementation
Natural Language Processing (NLP),Translation & Localization,E-commerce,Customer Support,Neural Machine Translation,Real-time Chat Translation,Language Barriers,Multilingual Customer Interactions,Context-aware Translation,Transformer-based Neural Networks
Predictive Analytics & Forecasting,Business Forecasting,Retail,Sales Department,Machine Learning,Demand Forecasting,Seasonal Demand Variation,Holiday Season Demand,Time Series Analysis,ARIMA Model Implementation
Predictive Analytics & Forecasting,Customer Behavior Prediction,Retail,Marketing,Machine Learning,Churn Prediction,Customer Retention,High-Value Customer Churn,Predictive Modeling,Gradient Boosting Machine Learning Algorithm
Predictive Analytics & Forecasting,Demand Forecasting,Retail,Supply Chain Management,Time Series Analysis,Inventory Level Prediction,Seasonal Demand Fluctuation,Holiday Season Demand Spike,Statistical Modeling,ARIMA Model Implementation
Predictive Analytics & Forecasting,Financial Market Predictions,Finance,Investment Management,Machine Learning Models,Stock Price Prediction,Market Volatility,Sudden Market Shifts,Time Series Analysis,Recurrent Neural Networks with LSTM
Predictive Analytics & Forecasting,Risk Analysis & Assessment,Finance,Credit Risk Management,Machine Learning,Credit Scoring,Credit Default Prediction,Mortgage Default Prediction,Supervised Learning,Gradient Boosting Classifier
Robotics & Automation,Autonomous Vehicles (Self-Driving Technologies),Transportation,Fleet Management,Computer Vision,Lane Keeping Assistance,Weather Conditions,Heavy Rain,Sensor Fusion,Lidar and Camera Integration
Robotics & Automation,Drones & UAV AI Systems,Agriculture,Crop Monitoring,Computer Vision,Precision Farming,Weather Variability,Drought Conditions,Predictive Analytics,Machine Learning-based Weather Prediction
Robotics & Automation,Industrial Robotics,Automotive Manufacturing,Assembly Line Optimization,Computer Vision,Defect Detection,Quality Control,Surface Anomaly Identification,Supervised Learning,Convolutional Neural Networks for Image Classification
Robotics & Automation,Robotic Process Automation (RPA),Finance,Accounts Payable,Machine Learning,Invoice Processing,Fraud Detection,Duplicate Invoice Detection,Rule-based Filtering,Optical Character Recognition (OCR) for Invoice Data Extraction
Robotics & Automation,Warehouse Automation AI,Logistics,Inventory Management,Computer Vision,Automated Stock Monitoring,Inventory Discrepancies,Stock Level Anomalies,Anomaly Detection Algorithms,Real-time Image Processing with Neural Networks
